Ticker,CIEN,CIEN,CIEN,CIEN,CIEN,FRES.L,FRES.L,FRES.L,FRES.L,FRES.L,MU,MU,MU,MU,MU,TER,TER,TER,TER,TER,WDC,WDC,WDC,WDC,WDC
Price,Close,High,Low,Open,Volume,Close,High,Low,Open,Volume,Close,High,Low,Open,Volume,Close,High,Low,Open,Volume,Close,High,Low,Open,Volume
Date,,,,,,,,,,,,,,,,,,,,,,,,,
2025-12-01,200.919998,201.440002,192.199997,194.490005,2303800.0,2820.0,2850.0,2612.0,2642.0,1411150.0,240.3629,242.262126,231.406511,232.196186,18238200.0,179.630005,182.869995,178.039993,179.169998,2765800.0,163.4086,165.117233,157.103672,160.071287,7882200.0
2025-12-02,202.5,209.190002,198.009995,204.029999,2282800.0,2728.0,2818.0,2694.0,2792.0,939560.0,239.393295,244.271314,234.235375,238.653589,18166200.0,189.940002,191.479996,185.889999,186.339996,3721700.0,159.861465,169.583644,156.144453,166.865828,7657400.0
2025-12-03,193.350006,202.220001,186.389999,201.0,3809100.0,2720.0,2830.0,2700.0,2804.0,775788.0,234.065445,237.703974,227.997889,236.29454,19188200.0,195.080002,196.199997,189.0,191.520004,3339200.0,155.464996,159.421822,151.298348,159.391847,6756400.0
2025-12-04,195.729996,197.759995,190.009995,190.559998,2447300.0,2724.0,2736.0,2562.0,2688.0,1320459.0,226.558472,234.065449,223.23982,230.187011,23513900.0,198.630005,200.850006,193.0,193.0,4260700.0,161.0,161.529999,153.009995,154.910004,6303300.0
2025-12-05,201.710007,201.770004,194.850006,199.630005,2332300.0,2714.0,2770.0,2690.0,2770.0,510951.0,237.124207,240.47286,226.59846,228.857542,21161000.0,200.770004,203.119995,199.039993,200.0,2656000.0,168.889999,169.470001,162.0,162.0,5815300.0
2025-12-08,212.929993,213.029999,203.0,205.0,3775000.0,2692.0,2776.0,2678.0,2736.0,828656.0,246.820282,249.129347,241.512429,243.391674,20495400.0,202.990005,205.0,201.479996,203.059998,2100000.0,169.779999,173.0,166.75,170.929993,4272200.0
2025-12-09,214.350006,219.880005,212.279999,212.929993,3288500.0,2762.0,2778.0,2624.0,2656.0,844300.0,252.318069,255.406818,242.731946,244.391279,17067100.0,199.970001,201.880005,198.0,200.199997,1871400.0,169.539993,171.850006,166.880005,169.699997,3709900.0
2025-12-10,221.850006,226.240005,214.399994,216.5,3822200.0,2774.0,2842.633057,2748.0,2792.0,888268.0,263.603485,264.643074,250.478798,255.026964,21960700.0,204.009995,204.699997,198.830002,199.779999,2057200.0,181.949997,182.470001,168.899994,169.710007,7966000.0
2025-12-11,242.369995,248.0,222.449997,236.350006,8607300.0,2858.0,2910.0,2718.0,2768.0,3768984.0,258.355621,262.743863,251.448423,261.424389,18867000.0,203.970001,204.029999,195.979996,201.139999,2507100.0,187.199997,188.770004,173.449997,176.820007,7468900.0
2025-12-12,218.440002,237.910004,215.179993,236.0,4664500.0,2904.0,3034.0,2862.0,2922.0,727127.0,241.042618,255.716697,239.223361,255.566749,25936900.0,193.369995,202.289993,191.850006,201.309998,4163300.0,176.339996,185.820007,170.020004,184.339996,9677900.0
2025-12-15,216.179993,226.020004,215.600006,220.839996,2686500.0,2856.0,3026.0,2822.0,2952.0,1279265.0,237.404099,250.009007,235.904704,247.010219,27483600.0,194.699997,200.490005,193.550003,199.910004,3223300.0,172.039993,180.979996,171.820007,178.289993,5781900.0
2025-12-16,209.839996,215.440002,206.539993,214.460007,2727100.0,2924.0,2954.0,2783.566895,2832.0,875011.0,232.416107,239.303324,230.486894,235.704787,22577300.0,192.289993,195.380005,189.139999,194.399994,3711500.0,174.580002,177.380005,170.740005,172.080002,5857000.0
2025-12-17,203.899994,215.699997,201.699997,212.850006,2365600.0,2952.0,3044.0,2952.0,3000.0,804598.0,225.42894,237.354115,221.600485,236.464475,41957100.0,185.210007,194.570007,182.160004,194.0,3577500.0,166.259995,181.669998,165.470001,179.899994,6693100.0
2025-12-18,210.710007,215.470001,209.0,212.0,3057100.0,3082.0,3082.0,2914.0,2970.0,1002760.0,248.449631,263.543524,244.901061,256.426404,65006100.0,190.449997,195.080002,189.270004,192.5,2754700.0,175.009995,181.490005,174.429993,174.800003,9147100.0
2025-12-19,230.339996,231.350006,212.419998,212.740005,4528300.0,3170.0,3170.0,3032.0,3056.0,3255771.0,265.812622,268.27162,251.648331,251.648331,62312100.0,195.179993,196.490005,191.509995,191.940002,7880500.0,181.080002,185.270004,175.679993,176.830002,36269600.0
2025-12-22,236.75,239.380005,230.399994,235.0,2811400.0,3260.0,3288.0,3200.0,3214.0,945215.0,276.478302,279.876923,268.181666,277.038073,30961900.0,197.220001,202.0,196.910004,201.050003,2756500.0,176.759995,187.179993,171.850006,186.470001,8685200.0
2025-12-23,240.289993,243.0,234.75,234.75,1802100.0,3246.0,3288.0,3207.428955,3232.0,687149.0,276.158417,281.746156,272.21003,275.808583,20767600.0,198.5,199.320007,195.610001,196.139999,1344900.0,178.25,178.399994,174.5,175.520004,3721100.0
2025-12-24,240.279999,242.0,237.929993,240.589996,833200.0,3200.0,3276.0,3200.0,3266.0,256322.0,286.56424,289.183177,277.138054,277.887752,18592600.0,198.529999,199.630005,197.289993,198.5,713100.0,179.559998,182.550003,177.779999,179.210007,3067000.0
2025-12-26,241.679993,242.509995,238.429993,240.899994,946900.0,,,,,,284.675018,290.75255,283.305576,290.722563,17878500.0,198.899994,199.470001,196.729996,199.25,1247800.0,181.539993,182.520004,178.190002,182.309998,3351600.0
2025-12-29,239.0,241.229996,230.130005,237.259995,1755600.0,3194.0,3376.0,3092.0,3264.0,1008666.0,294.369995,294.5,278.5,280.329987,26642900.0,197.360001,199.089996,195.600006,196.710007,1717900.0,179.679993,184.770004,176.699997,179.0,3906300.0
2025-12-30,238.360001,240.5,236.830002,240.169998,1163000.0,3412.0,3412.0,3272.800049,3274.0,675197.0,292.630005,298.829987,292.01001,294.700012,23056400.0,196.669998,198.199997,195.0,198.009995,1989400.0,176.059998,181.460007,175.259995,180.270004,6008000.0
2025-12-31,233.869995,239.899994,232.410004,239.080002,1170200.0,3334.0,3360.0,3282.0,3360.0,352263.0,285.410004,293.170013,284.179993,293.170013,17573800.0,193.559998,198.300003,193.399994,197.770004,1193900.0,172.270004,177.0,171.259995,176.770004,3552200.0
2026-01-02,246.059998,248.5,237.619995,241.0,1985000.0,3352.0,3514.0,3352.0,3374.0,900074.0,315.420013,315.600006,294.859985,295.130005,42604300.0,207.559998,208.809998,199.259995,199.289993,3224100.0,187.699997,187.770004,176.699997,177.199997,6808300.0
2026-01-05,230.899994,252.600006,223.270004,250.339996,3215900.0,3496.0,3568.0,3438.0,3452.0,1609843.0,312.149994,325.529999,309.549988,325.130005,34608600.0,219.5,222.0,211.800003,211.850006,4271600.0,187.880005,195.860001,182.800003,193.169998,9826700.0
2026-01-06,254.190002,254.820007,221.119995,230.199997,3456200.0,3678.0,3678.0,3432.0,3538.0,1740258.0,343.429993,344.549988,318.059998,318.279999,48732400.0,228.839996,229.660004,219.619995,220.949997,3377900.0,219.380005,221.229996,188.360001,189.619995,17178400.0
2026-01-07,259.269989,261.130005,248.990005,253.0,3220700.0,3500.0,3670.0,3336.0,3666.0,1213180.0,339.549988,346.299988,337.179993,340.709991,32781100.0,222.479996,226.759995,219.309998,225.610001,2518400.0,199.880005,212.850006,195.119995,211.990005,14305000.0
2026-01-08,225.210007,259.0,221.139999,258.26001,4574100.0,3440.0,3522.0,3382.0,3468.0,2457548.0,327.019989,343.660004,321.359985,342.899994,33897700.0,216.309998,221.399994,212.639999,221.399994,3141800.0,187.679993,200.899994,180.699997,200.509995,11902300.0
2026-01-09,230.559998,230.860001,216.070007,219.279999,2772100.0,3506.0,3588.0,3414.0,3484.0,949964.0,345.089996,345.799988,326.190002,332.75,33387500.0,217.259995,219.419998,215.660004,215.740005,2569900.0,200.460007,200.919998,186.0,187.850006,9887700.0
2026-01-12,234.259995,234.270004,223.5,227.589996,2240000.0,3734.0,3784.0,3654.0,3654.0,1160705.0,345.869995,348.470001,339.320007,340.549988,23152600.0,224.360001,226.210007,216.580002,217.940002,2448100.0,212.139999,213.429993,193.5,193.5,7465400.0
2026-01-13,246.419998,249.960007,234.259995,234.899994,1699200.0,3782.0,3782.0,3686.0,3738.0,1667340.0,338.130005,351.230011,335.220001,346.269989,23881300.0,229.270004,230.320007,224.360001,224.360001,2313900.0,214.0,218.0,208.479996,209.259995,6485600.0
2026-01-14,238.380005,245.800003,233.169998,244.910004,1776700.0,3766.0,3928.0,3738.0,3890.0,2395050.0,333.350006,339.100006,328.200012,334.839996,20277200.0,230.190002,231.130005,224.610001,227.5,2423500.0,215.0,218.520004,210.139999,214.0,5611900.0
2026-01-15,243.789993,252.199997,243.350006,245.0,1747700.0,3754.0,3774.0,3580.0,3700.0,1333832.0,336.630005,347.769989,336.269989,345.329987,25370200.0,227.699997,238.919998,227.479996,236.160004,3459800.0,222.100006,230.479996,221.0,223.899994,7536200.0
2026-01-16,243.419998,253.899994,241.550003,247.089996,2056200.0,3746.0,3788.0,3662.0,3696.0,765480.0,362.75,365.809998,352.040009,353.100006,47901900.0,228.149994,232.089996,225.649994,229.639999,2298000.0,221.509995,229.990005,216.830002,228.789993,8972800.0
2026-01-19,,,,,,3996.0,3996.0,3842.0,3912.0,1130795.0,,,,,,,,,,,,,,,
2026-01-20,241.210007,246.210007,227.369995,229.149994,2737900.0,3976.0,4078.0,3922.0,4000.0,952653.0,365.0,381.559998,361.350006,364.679993,49744900.0,223.979996,229.070007,220.320007,220.419998,2627800.0,222.970001,230.270004,220.0,220.800003,7125400.0
2026-01-21,231.889999,242.0,226.820007,241.520004,2884900.0,4050.0,4086.0,3950.0,4060.0,1222620.0,389.109985,394.200012,366.730011,372.850006,56712800.0,231.889999,234.839996,225.710007,229.190002,3005500.0,241.899994,244.899994,226.100006,228.009995,9447100.0
2026-01-22,230.029999,239.119995,222.869995,236.619995,2095000.0,4084.0,4094.0,3908.0,3992.0,1455490.0,397.579987,397.779999,376.920013,396.640015,39607600.0,229.139999,238.0,226.300003,237.800003,2807300.0,243.289993,247.940002,228.350006,246.710007,8926900.0
2026-01-23,229.139999,232.029999,220.520004,229.160004,1806100.0,4168.0,4190.0,4030.0,4090.0,842739.0,399.649994,412.429993,390.73999,397.160004,35320400.0,229.179993,230.199997,224.160004,228.479996,1830000.0,236.389999,243.25,232.199997,240.75,6100800.0
